"","country","population.growth.percent.2011","corrupt.perc.score","corrupt.perc.rank","perc.tobacco.use.adults.2005","HIV.prev.perc.adults.2007","HIV.prev.perc.adults.2008","HIV.prev.perc.adults.2009","HIV.prev.perc.adults.2010","HIV.prev.perc.adults.2011","mean.years.school.men.25plus.2007","mean.years.school.men.25plus.2008","mean.years.school.men.25plus.2009","mean.years.school.women.25plus.2007","mean.years.school.women.25plus.2008","mean.years.school.women.25plus.2009","povery.lt.dollar.quarter.percent.2010","food.kilo.calories.per.person.day.2007","adult.literacy.pct.2011","internet.users.per.100.2011","life.expectacy.at.birth.2007","life.expectacy.at.birth.2008","life.expectacy.at.birth.2009","life.expectacy.at.birth.2010","life.expectacy.at.birth.2011","life.expectacy.at.birth.2012","life.expectacy.at.birth.2013","life.expectacy.at.birth.2014","life.expectacy.at.birth.2015","life.expectacy.at.birth.2016","human.develop.index.2011"
"1","Afghanistan",2.720299986,16,172,NA,NA,NA,0.06,0.06,0.06,2.5,2.6,2.6,0.3,0.3,0.4,NA,NA,39,4.580669921,52.4,52.8,53.3,53.6,54,54.4,54.8,54.9,53.8,52.72,0.398
"2","Albania",0.364595549,36,99,22.4,NA,NA,NA,NA,NA,10,10.1,10.2,9.1,9.2,9.4,NA,2879.57,96.84529915,49,76.6,76.8,77,77.2,77.4,77.5,77.7,77.9,78,78.1,0.739
"3","Algeria",1.433184666,35,105,15.2,NA,NA,NA,NA,NA,4.5,4.6,4.7,3.9,4,4.2,NA,3153.38,NA,14,75.3,75.5,75.7,76,76.1,76.2,76.3,76.3,76.4,76.5,0.698
"4","American Samoa",1.628008674,NA,NA,NA,NA,NA,NA,NA,NA,NA,NA,NA,NA,NA,NA,NA,NA,NA,NA,72.4,72.7,71.3,72.8,72.6,72.6,72.7,72.8,72.9,73,NA
"5","Andorra",1.521408761,NA,NA,32.9,NA,NA,NA,NA,NA,NA,NA,NA,NA,NA,NA,NA,NA,NA,81,84.5,84.6,84.6,84.7,84.7,84.7,84.8,84.8,84.8,84.8,0.838
"6","Angola",2.772866185,19,165,NA,1.9,2,2.1,2.1,2.1,4.9,5,5.1,2.6,2.7,2.8,NA,1973.29,70.36242,14.776,56.2,56.7,57.1,57.6,58.1,58.5,58.8,59.2,59.6,60,0.486
"7","Antigua and Barbuda",1.011661705,NA,NA,NA,NA,NA,NA,NA,NA,11.6,11.7,11.8,12,12.1,12.2,NA,2368.5,98.95,82,75.3,75.5,75.7,75.8,75.9,76.1,76.2,76.3,76.4,76.5,0.764
"8","Argentina",0.867702633,40,85,30,0.4,0.5,0.4,0.4,0.4,9.6,9.7,9.8,9.9,10,10.1,1.73,2940.98,97.85877,47.704,75.2,75.4,75.6,75.8,76,76.1,76.2,76.3,76.5,76.7,0.797
"9","Armenia",0.263682127,35,105,29.6,0.1,0.1,0.2,0.2,0.2,11.2,11.2,11.3,11.1,11.2,11.3,2.5,2279.87,99.56817,NA,72.3,72.3,72.6,73,73.5,73.9,74.3,74.5,74.7,74.9,0.716
"10","Aruba",0.605671775,NA,NA,NA,NA,NA,NA,NA,NA,NA,NA,NA,NA,NA,NA,NA,NA,NA,57.06835805,74.62,74.77,74.92,75.06,75.19,75.32,75.46,75.59,75.72,75.85,NA
"11","Australia",1.428328572,77,13,24.8,0.1,0.1,0.2,0.2,0.2,11.8,11.8,11.9,11.4,11.4,11.5,NA,3227.05,NA,78.94807512,81.5,81.6,81.8,82,82.2,82.4,82.4,82.3,82.3,82.3,0.929
"12","Austria",0.347783065,76,14,43.3,0.3,0.3,0.3,0.4,0.4,11.7,11.8,11.8,10.8,10.9,11,NA,3818.8,NA,79.74719494,80.1,80.4,80.3,80.5,80.7,80.9,81.1,81.2,81.3,81.4,0.885
"13","Azerbaijan",1.247584276,25,152,NA,0.1,0.1,0.1,0.1,0.1,11.9,12,12.1,11,11.2,11.3,NA,2961.19,NA,50.75274324,69.1,69.2,69.7,70.1,70.8,71.5,72.1,72.5,72.9,73.3,0.731
"14","Bahamas",1.24600737,65,29,NA,3.1,3.1,2.9,2.8,2.8,10.3,10.4,10.5,10.6,10.7,10.8,NA,2712.5,NA,65,71.8,72.2,72.7,72.7,72.6,72.7,72.9,73.5,73.7,73.9,0.771
"15","Bahrain",4.773917665,36,99,14.6,NA,NA,NA,NA,NA,8.8,8.9,9.1,7.4,7.6,7.8,NA,NA,NA,77,77,77.6,78.2,78.7,78.8,79,79.1,79.1,79.1,79.1,0.806
"16","Bangladesh",1.204301033,26,149,25.6,0.06,0.06,0.06,0.06,0.06,4.5,4.6,4.7,2.4,2.5,2.6,43.25,2281.18,57.73479,5,67.7,68.3,68.6,68.8,69.3,69.4,69.8,70.1,70.4,70.7,0.5
"17","Barbados",0.217083132,68,25,10.8,1.2,1.3,0.9,0.9,0.9,NA,NA,NA,NA,NA,NA,NA,3055.81,NA,71.7657,75.1,75.3,75.3,75.2,75.2,75.4,75.5,75.6,75.7,75.8,0.793
"18","Belarus",-0.179296573,44,70,42.6,0.2,0.2,0.3,0.4,0.4,11.6,11.7,11.8,11.5,11.6,11.7,0,3145.64,NA,39.96134948,69.7,70,70.1,70.2,70.3,70.4,70.6,70.7,71,71.3,0.756
"19","Belgium",1.024626399,75,17,27.1,0.2,0.2,0.3,0.3,0.3,11.9,12,12.1,11.7,11.8,11.9,NA,3693.57,NA,76.20061483,79.5,79.6,79.8,80.1,80.2,80.3,80.4,80.5,80.5,80.5,0.886
"20","Belize",3.394023191,NA,NA,NA,2.4,2.4,2.4,2.4,2.3,8.3,8.4,8.5,8.1,8.2,8.3,NA,2717.57,NA,NA,70.6,70.7,70.9,71.2,71.2,71.3,71.3,71.5,71.7,71.9,0.699
"21","Benin",2.78605865,40,85,NA,1.2,1.2,1.2,1.2,1.2,3.5,3.6,3.7,1.5,1.5,1.6,NA,2532.92,NA,3.5,59.2,59.7,60.4,60.8,61.1,61.4,61.7,62,62.3,62.6,0.427
"22","Bermuda",0.720768405,NA,NA,NA,NA,NA,NA,NA,NA,NA,NA,NA,NA,NA,NA,NA,2597.99,NA,88.85072445,76.8,77.1,77.5,77.6,78,78.3,78.3,78.4,78.5,78.6,NA
"23","Bhutan",1.683818101,68,25,NA,0.1,0.2,0.2,0.3,0.3,NA,NA,NA,NA,NA,NA,NA,NA,NA,21,70.3,70.7,70.9,71.4,71.7,71.9,72.2,72.4,72.7,73,0.522
"24","Bolivia",1.58120329,29,132,31.7,0.2,0.2,0.3,0.3,0.3,8.2,8.3,8.4,6.4,6.6,6.7,NA,2064.13,NA,30,70.9,71.2,71.6,71.8,72.1,72.4,72.7,72.9,73.2,73.5,0.663
"25","Bosnia and Herzegovina",-0.210878739,38,89,42.3,NA,NA,NA,NA,NA,9.1,9.2,9.4,7.2,7.3,7.5,NA,3078.06,98.00262,60,77.3,77.5,77.7,77.9,78.2,78.4,78.6,78.7,78.9,79.1,0.733
"26","Botswana",1.178560843,61,34,NA,25.1,24.9,24.1,23.7,23.4,5,5.1,5.3,5.6,5.8,6,NA,2263.82,85.09085,7,52.4,53.2,54.3,55.6,56.5,56.5,56.9,57.3,58.7,60.13,0.633
"27","Brazil",0.872598757,35,105,NA,0.4,0.45,0.3,0.3,0.3,6.6,6.7,6.8,6.8,7,7.2,NA,3112.51,NA,45,73,73.2,73.4,73.6,73.8,74,74.1,74.3,74.4,74.5,0.718
"28","Brunei",1.743954305,63,31,NA,NA,NA,NA,NA,NA,NA,NA,NA,NA,NA,NA,NA,2968.12,95.447,56,76.8,76.9,77,77.1,76.9,76.9,76.9,77.1,77.1,77.1,0.838
"29","Bulgaria",-0.776657838,42,77,37.7,0.1,0.1,0.1,0.1,0.1,11.7,11.8,11.8,11.8,11.9,12,1.64,2766.11,98.35244811,50.79626605,72.9,73.2,73.5,73.7,74.2,74.5,74.6,74.7,74.8,74.9,0.771
"30","Burkina Faso",2.98576226,41,78,16.6,1.3,1.2,1.2,1.2,1.1,1.6,1.7,1.7,0.7,0.7,0.8,NA,2676.91,NA,3,57.4,58,58.5,59,59.5,59.9,60.3,60.6,60.9,61.2,0.331
"31","Burundi",2.268321831,17,170,NA,3.6,3.5,1.6,1.4,1.3,3.4,3.4,3.5,1.8,1.9,2,NA,1684.72,NA,1.11,57.9,59.1,60,60.4,60.8,61.1,61.3,61.4,61.4,61.4,0.316
"32","Cambodia",1.173767507,20,161,23.6,0.6,0.6,0.6,0.6,0.6,5.2,5.3,5.4,3,3.1,3.2,11.25,2267.55,NA,3.1,65.4,66.1,66.6,67,67.6,68.2,68.7,69.1,69.4,69.7,0.523
"33","Cameroon",2.177634145,25,152,7.4,5.4,5.3,4.8,4.7,4.6,6.3,6.5,6.6,3.9,4.1,4.2,NA,2269.12,NA,5,55.7,56.6,57.3,57.8,58.1,58.5,59,59.1,59.4,59.7,0.482
"34","Canada",1.039517903,81,9,21.6,0.2,0.2,0.3,0.3,0.3,14.1,14.1,14.2,14.1,14.1,14.2,0.34,3532.47,NA,82.67934446,80.6,80.8,81.1,81.3,81.6,81.6,81.6,81.7,81.7,81.7,0.908
"35","Cape Verde",0.920350391,NA,NA,NA,NA,NA,1,1,1,4.8,4.9,5,3.2,3.3,3.5,NA,2571.92,84.93627,32,69.6,70.4,70.7,71.1,71.4,71.9,72.3,72.7,72.9,73.1,0.568
"36","Cayman Islands",0.883512152,NA,NA,NA,NA,NA,NA,NA,NA,NA,NA,NA,NA,NA,NA,NA,NA,NA,69.46594499,NA,NA,NA,NA,NA,NA,NA,NA,NA,NA,NA
"37","Central African Republic",1.930462313,26,149,NA,5.5,5.1,5.1,4.9,4.6,4.4,4.5,4.6,1.9,2,2.1,NA,1985.84,56.613,2.2,46.2,46.8,47.6,47.9,48.1,48.5,47.8,48.2,49.6,51.04,0.343
"38","Chad",2.622150676,19,165,9.4,3.5,3.4,3.2,3.2,3.1,2.5,2.6,2.7,0.7,0.7,0.7,NA,2055.82,35.39147,1.9,54,54.3,55.2,55.8,56.1,56.3,56.6,56.8,57.4,58.01,0.328
"39","Channel Islands",0.341115073,NA,NA,NA,NA,NA,NA,NA,NA,NA,NA,NA,NA,NA,NA,NA,NA,NA,NA,79.38,79.57,79.75,79.9,80.05,80.19,80.32,80.47,80.61,80.75,NA
"40","Chile",0.90647763,67,27,37.9,0.4,0.4,0.5,0.5,0.5,10,10.1,10.2,9.8,10,10.1,NA,2920.42,NA,53.8938,78.3,78.5,78.5,78.5,78.9,79.1,79.1,79.2,79.4,79.6,0.805
"41","China",0.470180269,39,87,31.8,NA,NA,NA,NA,0.06,7.4,7.6,7.7,6,6.2,6.4,9.19,2980.54,NA,38.39788704,73.1,73.4,73.9,74.3,74.9,75.3,75.7,75.9,76.2,76.5,0.687
"42","Colombia",1.356533708,36,99,NA,0.6,0.5,0.5,0.5,0.5,6.4,6.5,6.6,6.3,6.3,6.4,6.17,2684.65,93.58053364,40.4,75.9,76.2,76.2,76.4,77,77.3,77.5,77.8,78,78.2,0.71
"43","Comoros",2.578646303,27,144,20.7,0.06,0.06,0.1,0.1,0.1,3.9,4,4.1,2.1,2.2,2.3,NA,1884.49,75.53978,5.5,66.6,67.1,66.7,67.7,67.2,67.6,67.8,68,68.1,68.2,0.433
"44","Democratic Republic of the Congo",2.679994104,20,161,8.1,NA,NA,NA,NA,NA,7.4,7.5,7.6,3.7,3.8,4,NA,1605.08,NA,1.2,57.1,57.5,57.9,58.4,58.8,59.1,59.6,60.1,60.8,61.51,0.286
"45","Congo",2.367290752,19,165,6.6,3.5,3.5,3.3,3.3,3.3,7.8,8,8.1,4.9,5.1,5.3,NA,2511.88,NA,5.6,58.3,58.8,59.8,60.4,60.9,61.3,61.5,61.5,61.5,61.5,0.533
"46","Costa Rica",1.442426033,56,48,16.8,0.3,0.3,0.3,0.3,0.3,8.2,8.3,8.4,8.4,8.5,8.6,1.27,2839.76,96.25802,42.12,79.6,79.8,79.8,79.8,79.9,80,80.1,80.2,80.3,80.4,0.744
"47","Cote d'Ivoire",2.081232195,35,105,9,4.1,3.7,3.4,3.2,3,3.9,4,4.1,1.8,1.9,2,NA,2527.52,56.86751,2.2,54.9,55.4,56,56.6,57,57.5,58.1,58.5,59.1,59.71,0.4
"48","Croatia",-0.249291914,48,60,34,0.06,0.06,0.06,0.06,0.06,10.8,10.9,11.1,10.5,10.7,10.8,NA,2989.91,98.8807,70.52644602,76,76.2,76.4,76.7,77.1,77.4,77.6,77.8,77.8,77.8,0.796
"49","Cuba",-0.038326833,47,61,35.9,0.1,0.1,0.1,0.2,0.2,10.3,10.4,10.5,10,10.1,10.2,NA,3273.96,99.83425,23.23,77.5,77.6,77.7,77.8,77.9,78,78,78.1,78.2,78.3,0.776
"50","Cyprus",1.16359623,59,38,NA,NA,NA,NA,NA,NA,12.1,12.2,12.3,11.5,11.7,11.8,NA,3180.69,98.67842555,57.68,79.8,80,80.3,80.6,81.1,81.5,81.7,81.7,81.8,81.9,0.84
"51","Czech Republic",0.248820586,59,38,31,0.06,0.06,0.06,0.06,0.06,13.6,13.6,13.7,13.1,13.2,13.3,0.04,3260.34,NA,72.8889968,76.8,77.1,77.3,77.5,77.8,78.1,78.3,78.6,78.8,79,0.865
"52","Denmark",0.473256595,88,1,33.4,0.2,0.2,0.2,0.2,0.2,12.7,12.8,12.8,12.7,12.7,12.8,0.67,3415.88,NA,89.97729817,78.4,78.9,79.1,79.4,79.9,80.3,80.3,80.3,80.4,80.5,0.895
"53","Djibouti",1.87802296,31,124,NA,2.6,2.6,1.6,1.5,1.4,5,5.2,5.3,1.6,1.7,1.8,NA,2291.39,NA,7,61.5,61.8,62.1,62.3,62.5,62.8,63.1,63.1,63.8,64.51,0.43
"54","Dominica",-0.121093996,57,45,NA,NA,NA,NA,NA,NA,NA,NA,NA,NA,NA,NA,NA,3157.16,NA,51.3135,74.2,74.1,73.9,73.7,73.4,73.2,73,73,73.1,73.2,0.724
"55","Dominican Republic",1.289691792,30,129,15.4,0.8,0.9,0.8,0.7,0.7,7.3,7.4,7.5,7.4,7.5,7.7,2.24,2295.1,90.10626788,35.5,73.7,74.1,74.3,74.4,74.6,74.7,74.9,75.1,75.3,75.5,0.689
"56","Ecuador",1.382174512,34,114,14.9,0.4,0.4,0.4,0.4,0.4,8.2,8.4,8.5,7.8,7.9,8.1,4.58,2300.87,91.58689849,31.4,74.5,74.7,74.9,75.1,75.3,75.5,75.6,75.8,75.9,76,0.72
"57","Egypt",1.730107463,35,105,15.1,0.06,0.06,0.06,0.06,0.06,7.7,7.8,7.9,5,5.2,5.3,NA,3194.55,72.95671945,35.62,70.3,70.2,70.1,70.1,70.4,70.5,71,71.3,71.5,71.7,0.644
"58","El Salvador",0.55550313,35,105,NA,0.8,0.8,0.6,0.6,0.6,7.2,7.3,7.4,6.3,6.4,6.5,5.17,2589.61,NA,17.68859598,73.5,73.7,73.8,74.1,74.3,74.5,74.6,74.8,74.9,75,0.674
"59","Equatorial Guinea",2.789397343,16,172,NA,4.4,4.7,4.2,4.4,4.7,7.5,7.6,7.7,4.2,4.4,4.5,NA,NA,94.22589,NA,57.1,57.5,58,58.6,58.7,59.4,60.5,61,61,61,0.537
"60","Eritrea",3.029656527,24,157,9.1,0.9,0.8,0.7,0.7,0.6,3.7,3.8,3.9,1.9,2,2.1,NA,1605.4,68.93744,6.2,60.1,60.1,60.1,60.1,60.2,60.3,60.4,60.6,60.7,60.8,0.349
"61","Estonia",-0.012014204,73,18,38.8,1.2,1.2,1.2,1.3,1.3,10.9,11,11.1,11.5,11.6,11.7,0.81,3154.03,99.79689,76.53065709,73,74.2,74.9,76.4,76.3,76.7,77.5,77.6,77.8,78,0.835
"62","Ethiopia",2.128754673,34,114,4.3,NA,NA,1.7,1.6,1.4,2.1,2.2,2.3,0.9,0.9,1,NA,1979.68,NA,1.1,58.6,60,61.2,62.1,62.9,63.6,64.2,64.7,65.2,65.7,0.363
"63","Faeroe Islands",0.317717622,NA,NA,NA,NA,NA,NA,NA,NA,NA,NA,NA,NA,NA,NA,NA,NA,NA,80.7321728,NA,NA,NA,NA,NA,NA,NA,NA,NA,NA,NA
"64","Fiji",0.900280165,NA,NA,14.4,0.1,0.1,0.06,0.06,0.1,9.3,9.4,9.5,8.9,9,9.2,NA,3041.15,NA,28,64.9,64.9,64.9,65.2,65.3,65.4,65.6,65.7,65.8,65.9,0.688
"65","Finland",0.439949095,85,3,28.1,0.1,0.1,0.1,0.1,0.1,11.7,11.8,11.8,12.1,12.2,12.3,0,3220.91,NA,89.33300444,79.4,79.6,79.8,80,80.3,80.5,80.8,80.9,80.9,80.9,0.882
"66","France",0.553180682,72,21,31.7,0.4,0.4,0.4,0.4,0.4,10.3,10.4,10.5,10.3,10.4,10.5,NA,3532.24,NA,76.76991667,81,81.1,81.2,81.4,81.6,81.6,81.7,81.7,81.8,81.9,0.884
"67","French Polynesia",1.106631364,NA,NA,NA,NA,NA,NA,NA,NA,NA,NA,NA,NA,NA,NA,NA,2942.21,NA,49,74.81,75.11,75.38,75.62,75.84,76.05,76.26,76.47,76.69,76.91,NA
"68","Gabon",1.894899158,31,124,NA,5.3,5.3,5.2,5.1,5,7.4,7.5,7.6,5.4,5.6,5.7,NA,2754.9,88.98886,8,61.6,61.7,62.1,63,63.3,63.9,64.4,65,65.9,66.81,0.674
"69","Gambia",2.722898473,37,93,16.2,1.5,1.7,1.4,1.4,1.5,3.7,3.8,3.9,1.8,1.9,2,NA,2384.59,51.10727,10.8703,65.3,65.7,66,66.5,67.1,67.5,67.8,68,68.1,68.2,0.42
"70","Georgia",0.742832431,58,41,31.9,0.1,0.1,0.2,0.2,0.2,12.4,12.4,12.5,12.3,12.4,12.5,18.04,2859.39,99.73247,35.28069339,72.1,71.8,72.1,72.2,72.2,72.4,72.5,72.6,72.9,73.2,0.733
"71","Germany",-0.06229858,80,11,31.6,0.1,0.1,0.1,0.1,0.1,12.2,12.3,12.4,11.8,11.9,12,0.34,3546.96,NA,83.44331664,79.9,80,80.1,80.3,80.5,80.6,80.7,80.7,80.8,80.9,0.905
"72","Ghana",2.3259576,41,78,5.5,1.9,1.8,1.6,1.5,1.5,7.5,7.7,7.8,4.9,5.1,5.2,NA,2907.02,NA,14.11,61.6,62,62.4,62.9,63.5,64.1,64.5,64.8,65.3,65.8,0.541
"73","Greece",-0.101752885,45,67,51.8,0.1,0.1,0.2,0.2,0.2,10.5,10.6,10.7,9.8,9.9,10.1,1.37,3724.69,97.3018,53.40336545,79.8,80.2,80.2,80.4,80.5,80.6,81,81,81,81,0.861
"74","Greenland",0.372538545,NA,NA,NA,NA,NA,NA,NA,NA,NA,NA,NA,NA,NA,NA,NA,NA,NA,64.62258565,70,70.3,70.6,70.8,71.2,71.6,71.8,72,72.1,72.2,NA
"75","Grenada",0.384952022,52,53,NA,NA,NA,NA,NA,NA,NA,NA,NA,NA,NA,NA,NA,2454.18,NA,NA,70.7,70.8,70.9,71,71,71.1,71.2,71.4,71.5,71.6,0.748
"76","Guam",1.223748514,NA,NA,NA,NA,NA,NA,NA,NA,NA,NA,NA,NA,NA,NA,NA,NA,NA,NA,72.4,72.1,71.8,71.6,71.5,71.5,71.6,71.6,71.7,71.8,NA
"77","Guatemala",2.527986837,27,144,14.4,0.7,0.8,0.7,0.7,0.8,4.8,4.9,5,3.7,3.8,3.9,NA,2159.26,75.85726,11.7274,71,71.2,70.9,71.2,71.6,72.1,72.3,72.4,72.6,72.8,0.574
"78","Guinea",2.378108088,28,138,NA,1.4,1.4,1.4,1.4,1.4,2.9,2.9,3,0.9,0.9,1,NA,2568.03,NA,1.3,56.8,57.1,57.5,57.9,58.2,58.5,58.8,58.6,59.1,59.6,0.344
"79","Guinea-Bissau",2.079371915,16,172,NA,2.5,2.5,2.3,2.4,2.5,2.9,3,3.1,1,1.1,1.1,NA,2306,55.27518,2.672,53.2,53.6,53.9,54.3,54.5,54.8,55.1,55.3,55.6,55.9,0.353
"80","Guyana",0.204828434,37,93,NA,1,1.2,1.2,1.1,1.1,9.1,9.2,9.3,9.1,9.3,9.4,NA,2758.51,NA,32,64.9,65,65.3,65.5,65.6,65.9,66.2,66.4,66.8,67.2,0.633
"81","Haiti",1.297823847,20,161,NA,2,2,1.9,1.9,1.8,4.4,4.5,4.7,3.2,3.3,3.4,NA,1869.77,NA,NA,60.8,61,61.7,32.2,62.4,62.9,63.4,63.8,64.3,64.8,0.454
"82","Honduras",2.008024247,29,132,NA,NA,NA,NA,NA,NA,5.7,5.8,5.9,5.5,5.6,5.7,13.41,2623.41,85.12331079,15.9,71.6,71.8,71.9,72,72.2,72.3,72.6,72.8,73,73.2,0.625
"83","Hong Kong",0.053750514,76,14,NA,NA,NA,NA,NA,NA,NA,NA,NA,NA,NA,NA,NA,NA,NA,75.03293901,82.31,82.49,82.66,82.84,83.02,83.2,83.38,83.56,83.73,83.9,0.898
"84","Hungary",-0.290651314,46,64,39.8,0.06,0.06,0.1,0.1,0.1,11.1,11.2,11.3,10.9,11,11.1,0.05,3465.18,99.04719,58.97110059,73.6,73.9,74.3,74.6,75,75.5,76.1,76.5,76.7,76.9,0.816
"85","Iceland",0.30107975,76,14,26.3,0.3,0.3,0.3,0.3,0.3,NA,NA,NA,NA,NA,NA,NA,3361.9,NA,96.6183615,82.1,82.4,82.5,82.8,82.9,83.1,83.2,83.3,83.3,83.3,0.898
"86","India",1.368789058,41,78,18.6,NA,NA,NA,NA,NA,6,6.1,6.2,3.2,3.3,3.4,32.68,2351.86,62.75447457,10.07,64.3,64.7,65,65.4,65.7,66.1,66.5,66.9,67.2,67.5,0.547
"87","Indonesia",1.018141701,38,89,35.4,0.1,0.2,0.2,0.2,0.3,7.1,7.2,7.3,5.7,5.9,6.1,18.04,2538.42,92.81190757,18,69.2,69.4,69.6,69.8,70.1,70.3,70.6,70.8,71.1,71.4,0.617
"88","Iran",1.109047651,28,138,17.6,0.2,0.2,0.2,0.2,0.2,7,7.2,7.3,4.8,5,5.1,NA,3043.61,NA,21,72.8,73.1,73.4,73.7,74.1,74.3,74.5,74.6,74.6,74.6,0.707
"89","Iraq",2.8655481,18,168,14.2,NA,NA,NA,NA,NA,6,6.1,6.2,3.4,3.5,3.7,NA,NA,78.48049,4.954945487,65.3,66.6,67.1,67.3,67.7,68.1,68.3,67.7,67.4,67.1,0.573
"90","Ireland",0.282189624,73,18,26.3,0.2,0.2,0.3,0.3,0.3,11,11.1,11.2,11.3,11.4,11.5,0.36,3612.26,NA,77.48431238,80.1,80.1,80.3,81,80.6,81.1,81.5,81.6,81.7,81.8,0.908
"91","Isle of Man",0.551157861,NA,NA,NA,NA,NA,NA,NA,NA,NA,NA,NA,NA,NA,NA,NA,NA,NA,NA,NA,NA,NA,NA,NA,NA,NA,NA,NA,NA,NA
"92","Israel",1.846790156,61,34,24.6,0.2,0.2,0.2,0.2,0.2,12.4,12.5,12.5,12.3,12.4,12.5,0.39,3527.47,NA,68.16559743,80.3,80.6,81,81.6,81.6,82.1,82,81.3,82.1,82.91,0.888
"93","Italy",0.472754693,52,53,26.1,0.3,0.3,0.4,0.4,0.4,10.5,10.6,10.6,10,10.1,10.2,1.35,3645.65,98.97965,56.81747275,81.3,81.5,81.6,81.9,82,82,82.1,82.1,82.2,82.3,0.874
"94","Jamaica",0.258870989,44,70,15,1.7,1.7,1.8,1.8,1.8,9.7,9.8,9.9,10.1,10.2,10.3,NA,2851.57,87.04274,31.9880041,75.3,75.1,74.8,74.8,74.6,74.7,74.8,74.8,75,75.2,0.727
"95","Japan",0.287398837,73,18,29.4,0.06,0.06,0.06,0.06,0.06,12.1,12.1,12.2,12,12.1,12.2,NA,2812.14,NA,78.70865201,82.4,82.5,82.7,82.7,82.6,82.9,83,83.1,83.2,83.3,0.901
"96","Jordan",2.191778939,49,58,36.5,NA,NA,NA,NA,NA,10.2,10.4,10.6,8.1,8.3,8.6,0.08,3015.43,95.90445298,35.74225823,76.3,76.9,77.5,77.9,78.1,78.2,78.3,78.4,78.5,78.6,0.698
"97","Kazakhstan",1.43043505,31,124,26.6,0.1,0.1,0.2,0.2,0.2,11.7,11.8,11.9,11.6,11.8,11.9,0.06,3490.13,NA,44.04418008,65.8,67.1,68.2,68.5,69.1,69.7,70,70.2,70.2,70.2,0.745
"98","Kenya",2.671892519,27,144,14.7,6.4,6.3,6.2,6.2,6.2,7.4,7.5,7.6,5.5,5.7,5.9,NA,2089.31,NA,28,59.8,60.8,61.9,62.9,63.7,64.3,64.8,65,65.1,65.2,0.509
"99","Kiribati",1.542103636,NA,NA,NA,NA,NA,NA,NA,NA,8.6,8.8,8.9,8.8,9,9.2,NA,2899.07,NA,10,61.2,61.5,61.7,61.9,62.1,62.3,62.6,62.8,63,63.2,0.624
"100","North Korea",0.430579977,14,176,NA,NA,NA,NA,NA,NA,NA,NA,NA,NA,NA,NA,NA,2087.04,NA,NA,70.6,70.9,71,71.2,71.4,71.6,71.8,71.9,72.1,72.3,NA
"101","South Korea",0.744037549,57,45,29.7,0.06,0.06,0.06,0.06,0.06,12.9,13,13.1,11.6,11.8,11.9,NA,3073.71,NA,81.46396158,79.4,79.8,80.1,80.4,80.6,80.7,80.9,80.9,81,81.1,0.897
"102","Kosovo",1.043319754,37,93,NA,NA,NA,NA,NA,NA,NA,NA,NA,NA,NA,NA,NA,NA,NA,NA,NA,NA,NA,NA,NA,NA,NA,NA,NA,NA,NA
"103","Kuwait",2.927780972,41,78,NA,NA,NA,NA,NA,NA,7.2,7.4,7.5,6.6,6.8,7,NA,3064.09,NA,74.2,77.7,77.3,77.4,78.5,79,79.1,79.7,80.2,80.3,80.4,0.76
"104","Kyrgyzstan",1.087367101,29,132,24.7,0.2,0.2,0.2,0.3,0.4,11.4,11.5,11.6,11.1,11.3,11.4,6.02,2643.69,NA,19.58445615,67,67.3,67.7,67.9,68.5,69,69.4,69.6,69.8,70,0.615
"105","Laos",1.395546413,29,132,40.5,0.2,0.2,0.2,0.3,0.3,4.3,4.4,4.5,2.4,2.5,2.6,NA,2240.35,NA,9,61.7,62.5,63.3,64.1,65,65.6,66.1,66.6,67.1,67.6,0.524
"106","Latvia",-0.852571475,58,41,39.4,0.6,0.6,0.7,0.7,0.7,11.8,11.9,12,12.6,12.7,12.9,1.38,2962.25,99.78424,72.42721557,71.3,72.4,73.3,73.9,74.6,75.1,75,75.2,75.4,75.6,0.805
"107","Lebanon",0.749573263,28,138,18.1,0.1,0.1,0.1,0.1,0.1,8.5,8.7,8.8,8,8.2,8.5,NA,3107.09,NA,52,77.5,77.8,77.9,78.1,76.6,78.5,78.6,78.7,78.9,79.1,0.739
"108","Lesotho",1.032044405,41,78,NA,23.5,23.6,23,23.2,23.3,5.7,5.8,5.9,8.1,8.2,8.4,56.22,2476.17,NA,4.2248,43.3,44.5,45.5,46.4,46.7,46.1,45.6,45.4,47.1,48.86,0.45
"109","Liberia",3.310780413,32,120,NA,1.8,1.6,1.3,1.1,1,5.6,5.8,5.9,2,2.1,2.2,NA,2203.79,NA,3,59.3,59.9,60.3,60.8,61.5,62.3,62.9,61.8,63.2,64.63,0.329
"110","Libya",1.059027181,17,170,NA,NA,NA,NA,NA,NA,NA,NA,NA,NA,NA,NA,NA,3142.93,89.5361,16.9981,75.5,75.6,75.7,75.9,60.5,75.5,75.8,75,74.1,73.21,0.76
"111","Liechtenstein",0.752049552,NA,NA,NA,NA,NA,NA,NA,NA,NA,NA,NA,NA,NA,NA,NA,NA,NA,85,NA,NA,NA,NA,NA,NA,NA,NA,NA,NA,0.905
"112","Lithuania",-2.583266138,59,38,33,0.1,0.1,0.1,0.1,0.1,12,12.2,12.3,12.2,12.4,12.5,1.48,3436.38,99.70355,67.17191353,71.4,72.1,73.6,73.9,74.3,74.7,74.9,75,75.2,75.4,0.81
"113","Luxembourg",1.962457738,81,9,34.7,0.3,0.3,0.3,0.3,0.3,11.4,11.5,11.6,10.8,10.9,11,NA,3681.07,NA,90.70382493,80.6,81,81.2,81.3,81.5,81.7,81.9,82.1,82.2,82.3,0.867
"114","Macao, China",2.196767033,NA,NA,NA,NA,NA,NA,NA,NA,NA,NA,NA,NA,NA,NA,NA,NA,95.64004085,58,79.1,79.32,79.54,79.75,79.97,80.19,80.4,80.61,80.82,81.03,NA
"115","Macedonia",0.161475876,37,93,NA,NA,NA,NA,NA,NA,10.5,10.6,10.8,9.3,9.4,9.6,NA,3105.47,97.3752,56.7,74.3,74.5,74.7,75.2,75.6,75.8,76,76.2,76.5,76.8,0.728
"116","Madagascar",2.861632169,25,152,NA,0.2,0.2,0.3,0.3,0.3,5.1,5.2,5.4,4.2,4.3,4.5,87.67,2159.66,NA,1.9,62,62.2,62.3,62.4,62.6,62.8,63,63.3,63.5,63.7,0.48
"117","Malawi",3.170804542,32,120,15,11.4,11.2,10.9,10.4,10,5.5,5.7,5.8,3.1,3.2,3.3,72.16,2171.62,NA,3.33,51,52.4,53.9,55.4,56.6,58,59.3,60.1,60.5,60.9,0.4
"118","Malaysia",1.60022846,47,61,28.8,0.5,0.5,0.4,0.4,0.4,8.1,8.2,8.3,7.4,7.6,7.7,NA,2923.14,NA,61,74.5,74.5,74.3,74.4,74.6,74.7,74.9,75.1,75.3,75.5,0.761
"119","Maldives",1.319586546,31,124,28.2,0.06,0.06,0.06,0.06,0.06,4.1,4.1,4.1,3.3,3.4,3.4,NA,2685.39,NA,34,78.1,78.5,78.9,79.2,79.6,79.8,79.9,80,80,80,0.661
"120","Mali",3.010408863,32,120,11.2,1.1,1,1.2,1.1,1.1,1.9,1.9,2,0.8,0.8,0.8,50.61,2614.23,33.44121231,2,58,58.5,58.9,59.2,59.6,59.8,59.8,60,60.2,60.4,0.359
"121","Malta",0.719767896,54,51,28.7,0.1,0.1,0.1,0.1,0.1,NA,NA,NA,NA,NA,NA,NA,3610.6,NA,69.03084272,80.9,80.7,81.2,81.3,81.3,81.6,81.7,82,82.1,82.2,0.832
"122","Marshall Islands",1.429461936,NA,NA,NA,NA,NA,NA,NA,NA,9.8,9.9,9.9,8.6,8.8,8.9,NA,NA,NA,NA,65,65.3,65.5,65.8,66,66.2,66.5,66.7,66.9,67.1,NA
"123","Mauritania",2.335868082,27,144,13.1,0.7,0.7,1,1.1,1.1,2.9,3,3.1,1.3,1.4,1.5,NA,2841.06,58.61391,4.5,67.5,67.9,68.2,68.6,68.8,69.1,69.3,69.6,69.7,69.8,0.453
"124","Mauritius",0.399459038,51,56,18.5,0.8,0.9,1,1,1,8.7,8.9,9.1,7.7,7.9,8.1,NA,2965.39,88.84715,35.50825383,72.7,72.9,73.2,73.4,73.7,74.1,74.2,74.3,74.5,74.7,0.728
"125","Mexico",1.200887,28,138,24.7,0.3,0.3,0.2,0.2,0.2,8,8.2,8.3,7.3,7.4,7.6,0.72,3266.31,93.51998478,36.15,75.6,75.4,75.3,75.4,75.7,75.7,75.4,75.6,75.9,76.2,0.77
"126","Micronesia",0.429458986,NA,NA,NA,NA,NA,NA,NA,NA,NA,NA,NA,NA,NA,NA,NA,NA,NA,NA,67.9,68,68.1,68.3,68.4,68.6,68.7,68.8,68.9,69,0.636
"127","Moldova",-0.085998414,33,117,26,0.4,0.4,0.5,0.5,0.5,11.1,11.2,11.3,10.9,11.1,11.2,0.42,2771.3,98.97083,37.84906772,70,70.4,70.6,70.5,72.3,72.4,73.3,73.6,73.9,74.2,0.649
"128","Monaco",0.056470058,NA,NA,NA,NA,NA,NA,NA,NA,NA,NA,NA,NA,NA,NA,NA,NA,NA,NA,NA,NA,NA,NA,NA,NA,NA,NA,NA,NA,NA
"129","Mongolia",1.587941464,37,93,26.3,0.06,0.06,0.06,0.06,0.06,8.9,9,9,8.9,9.1,9.2,NA,2285.34,97.35589,20,64.4,64.8,65,65.2,65.6,66,66.4,66.8,67.1,67.4,0.653
"130","Montenegro",0.122017723,45,67,NA,NA,NA,NA,NA,NA,11.5,11.6,11.7,10.3,10.4,10.6,0,2447.22,98.45932,40,75.6,76,76.3,76.5,76.7,76.8,76.9,77.1,77.2,77.3,0.771
"131","Morocco",1.001378782,43,73,15,0.1,0.1,0.1,0.1,0.2,4.5,4.6,4.7,2.3,2.4,2.5,NA,3236.03,67.08416203,51,73.1,73.3,73.5,73.7,73.9,74.1,74.3,74.4,74.6,74.8,0.582
"132","Mozambique",2.277941324,23,158,12.8,11.4,11.4,11.3,11.3,11.3,3.5,3.5,3.6,1.6,1.6,1.7,NA,2066.59,NA,4.3,53.2,54,54.4,54.4,54.5,54.5,54.8,56.1,57.1,58.12,0.322
"133","Myanmar",0.776227933,29,132,30.2,0.6,0.6,0.7,0.7,0.6,4.9,5,5.1,4.4,4.5,4.6,NA,2464.91,92.67915,0.98,64.6,59.4,65.6,66,66.4,66.8,67.2,67.6,68,68.4,0.483
"134","Namibia",1.76746128,53,52,24.9,14.3,13.7,13.7,13.6,13.4,6.6,6.8,6.9,6.6,6.8,6.9,23.54,2382.88,NA,12,57.5,59.1,60.3,61.4,62.6,63.6,63.9,64.1,64.2,64.3,0.625
"135","Nepal",1.741900571,31,124,30.6,0.4,0.4,0.4,0.3,0.3,4,4.1,4.2,1.2,1.3,1.3,23.74,2359.81,57.36910244,9,68.1,68.4,68.7,69,69.3,69.7,69.9,70.2,69.7,69.2,0.458
"136","Netherlands",0.483955474,82,8,34.3,0.2,0.2,0.2,0.2,0.2,11.6,11.7,11.8,11.2,11.3,11.4,0.35,3277.52,NA,92.12721944,80.2,80.3,80.6,80.8,80.9,81,81.2,81.3,81.3,81.3,0.91
"137","New Caledonia",0.806455984,NA,NA,NA,NA,NA,NA,NA,NA,NA,NA,NA,NA,NA,NA,NA,2796.7,NA,51.16787149,75.05,75.26,75.47,75.67,75.88,76.09,76.31,76.52,76.74,76.96,NA
"138","New Zealand",0.852621146,87,2,28.6,0.1,0.1,0.1,0.1,0.1,12.3,12.4,12.5,12.1,12.2,12.3,NA,3159.44,NA,86.18173386,80.1,80.3,80.5,80.8,80.8,81.1,81.4,81.4,81.4,81.4,0.908
"139","Nicaragua",1.401564302,25,152,NA,0.2,0.2,0.2,0.2,0.2,5.5,5.6,5.7,5.6,5.7,5.8,NA,2403.44,NA,10.6,76.8,77,77.1,77.2,77.4,77.5,77.6,77.8,78,78.2,0.589
"140","Niger",3.528068865,34,114,NA,0.8,0.8,0.8,0.8,0.8,1.4,1.4,1.5,0.6,0.6,0.6,NA,2376.26,NA,1.3,57.3,58,58.6,59.2,59.6,60,60.4,60.7,61,61.3,0.295
"141","Nigeria",2.522808587,27,144,7.1,3.6,3.6,3.6,3.7,3.7,6.4,6.6,6.7,3.8,3.9,4.1,62.03,2740.8,NA,28.43,58.3,59.2,60.3,61.2,62,62.6,63.3,63.7,64.6,65.51,0.459
"142","Northern Mariana Islands",0.420998075,NA,NA,NA,NA,NA,NA,NA,NA,NA,NA,NA,NA,NA,NA,NA,NA,NA,NA,76.4,76.4,76.3,76.4,76.3,76.3,76.2,76.2,76.2,76.2,NA
"143","Norway",1.275220883,84,7,32,0.1,0.1,0.1,0.1,0.1,13.4,13.5,13.6,13.4,13.5,13.6,0.67,3464.18,NA,93.454759,80.6,80.8,80.8,81.1,81.1,81.6,81.6,82,82,82,0.943
"144","Oman",2.263900346,52,53,13.1,NA,NA,NA,NA,NA,6.4,6.6,6.7,4.7,4.8,5,NA,NA,NA,68,76,76.2,76.2,76.1,76.3,76.6,76.8,77,77.2,77.4,0.705
"145","Pakistan",1.799439016,33,117,21.1,0.1,0.1,0.1,0.1,0.1,5.2,5.3,5.4,2.2,2.3,2.4,NA,2292.76,NA,9,63.8,64.1,64.3,64.5,64.9,65.1,65.4,65.6,65.9,66.2,0.504
"146","Palau",0.666977473,NA,NA,24,NA,NA,NA,NA,NA,NA,NA,NA,NA,NA,NA,NA,NA,NA,NA,NA,NA,NA,NA,NA,NA,NA,NA,NA,NA,0.782
"147","Panama",1.534030129,37,93,NA,0.9,0.9,0.8,0.8,0.8,9.1,9.2,9.3,9.5,9.6,9.7,3.82,2484.04,NA,42.7,77.3,77.3,77.3,77.3,77.4,77.5,77.6,77.9,78.2,78.5,0.768
"148","Papua New Guinea",2.24291315,28,138,NA,0.9,0.9,0.7,0.7,0.7,4.7,4.8,4.9,3,3.1,3.2,NA,NA,62.42167,2,58.2,58.6,58.8,59.1,59.4,59.7,60.2,60.5,60.9,61.3,0.466
"149","Paraguay",1.746852604,29,132,24,0.3,0.3,0.3,0.3,0.3,6.8,6.8,6.9,6.9,7.1,7.2,5.32,2634.37,NA,23.9,74,74,74,74,74,74.1,74.1,74.3,74.4,74.5,0.665
"150","Peru",1.105774934,35,105,NA,0.4,0.4,0.4,0.4,0.4,9.5,9.6,9.7,8,8.2,8.3,2.73,2457.04,NA,36.5,77.9,78.2,78.2,78.4,78.5,78.7,79.1,79.3,79.5,79.7,0.725
"151","Philippines",1.69182503,36,99,26,0.06,0.06,0.06,0.06,0.06,8.7,8.8,8.8,9,9.1,9.2,NA,2564.91,NA,29,69.7,69.8,69.9,70.1,70.2,70.3,70.3,70.7,71,71.3,0.644
"152","Poland",0.084599833,60,36,35.6,0.1,0.1,0.1,0.1,0.1,12.2,12.3,12.4,12.2,12.3,12.4,0,3420.74,99.73019,65.02082403,75.2,75.4,75.7,76.2,76.5,76.7,77.3,77.4,77.6,77.8,0.813
"153","Portugal",-0.003252744,64,30,35.8,0.5,0.5,0.7,0.7,0.7,7.3,7.5,7.6,7.4,7.6,7.7,NA,3583.9,95.43412,55.57378621,79.2,79.4,79.6,79.9,80.2,80.4,80.7,80.7,80.8,80.9,0.809
"154","Puerto Rico",-0.41159523,NA,NA,NA,NA,NA,NA,NA,NA,NA,NA,NA,NA,NA,NA,NA,NA,90.34799,48.50290906,76.9,77,77.1,77.1,77.4,77.7,77.9,78.2,78.5,78.8,NA
"155","Qatar",6.133257743,62,33,NA,NA,NA,NA,NA,NA,7.5,7.7,7.8,7.6,7.8,7.9,NA,NA,NA,86.2,77.3,77.9,78.5,79.2,79.7,79.9,79.9,79.8,79.7,79.6,0.831
"156","Romania",-0.224157182,47,61,32.6,0.1,0.1,0.1,0.1,0.1,12,12.1,12.2,11.3,11.4,11.5,0,3455.47,97.70193,44.11568536,73.3,73.2,73.3,73.7,74.5,74.7,74.9,75.1,75.2,75.3,0.781
"157","Russia",0.007045975,28,138,48.5,NA,NA,NA,NA,NA,12.5,12.6,12.7,12.7,12.8,12.9,NA,3375.93,NA,49.31263436,67.7,67.9,68.8,68.9,69.8,70.4,70.8,70.9,71,71.1,0.755
"158","Rwanda",2.957934993,56,48,NA,2.9,2.9,3,3,2.9,3.9,4,4.1,2.6,2.7,2.8,NA,2085.1,NA,7,63.1,64.1,64.3,65.1,65.3,65.5,65.6,65.7,65.9,66.1,0.429
"159","Saint Kitts and Nevis",1.230895649,NA,NA,NA,NA,NA,NA,NA,NA,NA,NA,NA,NA,NA,NA,NA,2512.89,NA,NA,NA,NA,NA,NA,NA,NA,NA,NA,NA,NA,0.735
"160","Saint Lucia",1.142869582,55,50,20.6,NA,NA,NA,NA,NA,8.7,8.8,8.9,9.1,9.2,9.4,NA,2737.55,NA,42.0105,73.7,74.1,74.3,74.5,74.6,74.7,74.7,74.8,74.8,74.8,0.723
"161","Saint Vincent and the Grenadines",0.0292641,58,41,NA,NA,NA,NA,NA,NA,NA,NA,NA,NA,NA,NA,NA,2821.28,NA,43.01,70.8,70.9,71.1,71.1,71,71.1,70.8,71.1,71.2,71.3,0.717
"162","Samoa",0.432206257,NA,NA,41,NA,NA,NA,NA,NA,9.7,9.8,9.9,11.7,11.8,12,NA,2885.92,98.83078,NA,72.1,72.3,70.4,72.6,72.7,72.7,73,73.1,73.2,73.3,0.688
"163","San Marino",0.635384394,NA,NA,NA,NA,NA,NA,NA,NA,NA,NA,NA,NA,NA,NA,NA,NA,NA,49.6,NA,NA,NA,NA,NA,NA,NA,NA,NA,NA,NA
"164","Sao Tome and Principe",1.874139598,46,64,16.9,NA,NA,1,1,1,5.6,5.7,5.9,3.6,3.7,3.8,43.53,2683.97,NA,20.1612,65.7,66,66.7,66.9,67.2,67.4,67.6,67.8,68,68.2,0.509
"165","Saudi Arabia",2.285162777,49,58,14.7,NA,NA,NA,NA,NA,8.1,8.3,8.5,4.6,4.8,5,NA,3143.95,87.15616,47.5,78.2,78.3,78.5,78.7,78.9,79.2,79.3,79.4,79.5,79.6,0.77
"166","Senegal",2.649448556,45,67,10.7,0.8,0.8,0.7,0.7,0.7,3.2,3.2,3.3,1.4,1.4,1.5,NA,2347.71,NA,17.5,63,63.5,63.9,64.2,64.4,64.6,64.8,65,65.3,65.6,0.459
"167","Serbia",-0.418294839,39,87,42.3,0.1,0.1,0.1,0.1,0.1,10.6,10.7,10.8,9.8,9.9,10,0.05,2710.16,98.01291,47.19296149,74,74.3,74.6,74.8,75.1,75.4,75.7,75.9,76.2,76.5,0.766
"168","Seychelles",-0.608609327,66,28,21.2,NA,NA,NA,NA,NA,9.6,9.8,10,11.3,11.5,11.7,NA,2462.62,91.83646335,43.60518074,72.6,72.9,73,73.1,73.4,73.7,73.8,74,74.1,74.2,0.773
"169","Sierra Leone",2.190559721,30,129,NA,1.6,1.6,1.6,1.6,1.6,3,3.1,3.2,1.4,1.4,1.5,NA,2170.26,43.2831,NA,53,53.6,54.2,55,55.6,56.4,57.1,55.2,57.1,59.07,0.336
"170","Singapore",2.08576428,85,3,NA,0.1,0.1,0.1,0.1,0.1,7.9,8,8.1,5.9,6,6.1,NA,NA,NA,75.06124486,80.4,80.6,81,81.3,81.5,81.6,81.7,81.9,82,82.1,0.866
"171","Slovakia",0.182169504,50,57,30.9,0.06,0.06,0.06,0.06,0.06,12.6,12.7,12.8,11.8,12,12.1,0.4,2892.6,NA,74.87106781,74.6,74.9,75.2,75.7,76.1,76.5,77,77.4,77.6,77.8,0.834
"172","Slovenia",0.166659267,60,36,26.5,0.06,0.06,0.06,0.1,0.1,11.7,11.9,12,11.4,11.5,11.7,0.01,3223.47,99.69498,71.40392982,78.2,78.7,79.1,79.5,79.9,80.1,80.3,80.8,80.9,81,0.884
"173","Solomon Islands",2.589800972,44,70,NA,NA,NA,NA,NA,NA,6,6.1,6.2,4.7,4.8,5,NA,2422.27,NA,6,61.9,62.3,62.4,62.7,63,63.3,63.5,63.6,64,64.4,0.51
"174","Somalia",2.393210906,10,180,NA,0.6,0.6,0.7,0.7,0.7,2.6,2.7,2.8,0.9,0.9,1,NA,NA,NA,1.25,52.4,52.6,52.8,51.6,52,53.4,54.1,54.3,54.2,54.1,NA
"175","South Africa",1.184083238,43,73,18.4,18,17.9,17.2,17.3,17.3,8.2,8.4,8.5,8.2,8.3,8.5,NA,2998.5,92.98314017,20.94737044,53,53.4,53.9,54.9,56.6,59,60.7,61.2,61.3,61.4,0.619
"176","Spain",0.355403168,58,41,33.7,0.4,0.4,0.4,0.4,0.4,8.8,8.9,9,8.7,8.9,9,2.34,3271.77,NA,67.92150756,80.8,81.1,81.5,81.8,82,82.2,82.5,82.5,82.6,82.7,0.878
"177","Sri Lanka",1.040421697,38,89,16.5,0.06,0.06,0.06,0.06,0.06,9,9.1,9.2,9,9.2,9.4,4.11,2360.61,NA,15.12678662,74.4,74,74.1,75,76.4,76.8,77.1,77.4,77.6,77.8,0.691
"178","Sudan",2.104691124,16,172,NA,0.8,1,0.4,0.4,0.4,5.3,5.5,5.6,2.8,2.9,3.1,NA,2282.06,71.93777,NA,65.3,65.5,65.7,66.1,66.3,66.7,66.9,67.2,67.5,67.8,0.408
"179","Suriname",0.907549004,43,73,NA,1,1,1.2,1.1,1,7.5,7.6,7.7,6.8,6.9,7.1,NA,2492.45,NA,32,70.1,70.2,70.5,70.7,71,71.3,71.6,71.8,72,72.2,0.68
"180","Swaziland",1.155489833,38,89,8.9,25.8,25.9,25.8,25.9,26,7,7.2,7.3,6.9,7.1,7.3,39.3,2292.25,87.8443,20.43165813,44.3,45.1,45.9,46.4,48,49.1,49.4,49.8,51.8,53.88,0.522
"181","Sweden",0.795219517,85,3,22,0.1,0.1,0.2,0.2,0.2,12.2,12.3,12.4,12.6,12.7,12.8,NA,3110.22,NA,90.88204559,80.9,81.1,81.2,81.6,81.7,81.8,81.9,82.1,82.1,82.1,0.904
"182","Switzerland",1.027736927,85,3,26.5,0.4,0.4,0.4,0.4,0.4,13.4,13.4,13.5,12.5,12.6,12.6,NA,3465.33,NA,82.98773087,81.7,82,82,82.3,82.6,82.7,82.8,82.9,83,83.1,0.903
"183","Syria",1.811195097,13,178,NA,NA,NA,NA,NA,NA,7.1,7.3,7.4,4.8,4.9,5.1,NA,3034.26,84.05794,22.44134742,75.9,76.1,76.3,76.5,75.1,68.1,69,67.2,68.2,69.21,0.632
"184","Tajikistan",1.419248331,25,152,NA,0.2,0.2,0.2,0.2,0.3,11.4,11.5,11.6,10.1,10.2,10.4,NA,2117.52,99.70706,13.03,69.2,69.6,70,70.1,70.1,70.8,71.4,71.9,72.4,72.9,0.607
"185","Tanzania",3.025190844,36,99,14.6,5.9,5.8,5.8,5.8,5.8,5.5,5.6,5.7,3.8,3.9,4,NA,2032.39,NA,12,59.1,60.4,60.8,61.4,61.7,61.9,62.7,63.3,64.1,64.91,0.466
"186","Thailand",0.571725078,36,99,21.7,1.4,1.3,1.3,1.2,1.2,6.9,7,7.1,6.3,6.4,6.6,0.31,2538.62,NA,23.7,73.8,73.9,74,74.2,74.3,74.4,74.4,74.6,74.7,74.8,0.682
"187","Timor-Leste",2.879620912,35,105,NA,NA,NA,NA,NA,NA,2.9,3,3.1,1.8,1.9,2,NA,2065.67,NA,0.883126339,69.2,69.9,70.4,70.8,71.3,71.7,72,72.3,72.4,72.5,0.495
"188","Togo",2.085260745,30,129,NA,3.3,3.2,3.6,3.5,3.4,5,5.1,5.2,2.2,2.2,2.3,NA,2161.06,60.40994467,3.5,57.5,57.5,58,58.7,59.6,60.3,60.7,61.1,61.5,61.9,0.435
"189","Tonga",0.43247561,NA,NA,39,NA,NA,NA,NA,NA,11.1,11.2,11.3,11.2,11.4,11.5,NA,NA,NA,25,70.2,70.3,68.6,70.7,70.8,71,71.2,71.3,71.5,71.7,0.704
"190","Trinidad and Tobago",0.363492679,41,78,22.1,1.4,1.5,1.5,1.5,1.5,9.4,9.5,9.6,9.4,9.5,9.7,NA,2725.15,98.83491,55.2,71.5,71.7,71.8,71.8,71.9,72,72.1,72.3,72.4,72.5,0.76
"191","Turkey",1.21220059,41,78,35.5,0.06,0.06,0.06,0.06,0.06,7.9,8,8.2,5.5,5.7,5.8,0.59,3516.73,94.1060912,42.1,77.4,77.8,78.5,78.8,78.8,79.1,78.8,79.1,79.2,79.3,0.699
"192","Turkmenistan",1.247757459,20,161,NA,NA,NA,NA,NA,NA,11.3,11.4,11.5,10.6,10.7,10.8,NA,2731.4,99.60858,5,66.8,67.2,67.6,68.1,68.5,68.9,69.2,69.6,70,70.4,0.686
"193","Turks and Caicos Islands",2.140967536,NA,NA,NA,NA,NA,NA,NA,NA,NA,NA,NA,NA,NA,NA,NA,NA,NA,NA,NA,NA,NA,NA,NA,NA,NA,NA,NA,NA,NA
"194","Tuvalu",0.203314089,NA,NA,NA,NA,NA,NA,NA,NA,NA,NA,NA,NA,NA,NA,NA,NA,NA,30,NA,NA,NA,NA,NA,NA,NA,NA,NA,NA,NA
"195","Uganda",3.193146102,26,149,12.1,6.3,6.4,6.9,7,7.2,5.9,6,6.1,3.4,3.6,3.7,NA,2211.3,NA,13.01354333,55.3,56,57,57.8,58.6,59.3,60.1,60.7,61.3,61.91,0.446
"196","Ukraine",-0.359480081,32,120,NA,1.1,1.1,0.9,0.8,0.8,11.9,12,12.1,12,12.1,12.2,0,3223.72,99.71874,30.2545942,67.6,67.8,69.6,70.5,71.1,71.2,71.3,71.3,71.5,71.7,0.729
"197","United Arab Emirates",4.925276452,70,23,14.4,NA,NA,NA,NA,NA,9.2,9.3,9.5,7.9,8.1,8.3,NA,3171.2,NA,70,75.6,75.6,75.6,75.6,75.5,75.5,75.4,75.4,75.4,75.4,0.846
"198","United Kingdom",0.65613487,80,11,35.7,0.2,0.2,0.3,0.3,0.3,12.9,13,13,12.8,12.9,13,1.01,3458.41,NA,81.70733772,79.5,79.7,80,80.2,80.5,80.7,80.8,80.9,81,81.1,0.863
"199","United States",0.722205671,71,22,23.9,0.6,0.6,0.6,0.6,0.6,13.7,13.7,13.7,13.6,13.6,13.7,1.67,3748.36,NA,78.23621919,78.1,78.3,78.5,78.8,78.9,79,79.1,79.1,79.1,79.1,0.91
"200","Uruguay",0.357195333,70,23,32.6,0.5,0.5,0.6,0.6,0.6,9.3,9.4,9.5,9.8,9.9,10,0.2,2829.47,NA,51.57414625,75.7,76,76.2,76.2,76.3,76.3,76.4,76.6,76.8,77,0.783
"201","Uzbekistan",2.690150412,23,158,12.8,NA,NA,NA,NA,NA,11.7,11.8,11.9,11,11.2,11.3,NA,2581.11,99.43299,28.572794,69.2,69.6,69.9,70.2,70.6,70.9,71.2,71.5,71.8,72.1,0.641
"202","Vanuatu",2.45978565,46,64,28.8,NA,NA,NA,NA,NA,6.7,6.8,6.9,6,6.2,6.3,NA,2740.23,83.22246,NA,63.2,63.4,63.6,63.9,64.1,64.4,64.6,64.7,64.9,65.1,0.617
"203","Venezuela",1.528113436,18,168,29.8,NA,NA,0.5,0.5,0.5,8.3,8.5,8.6,8.6,8.7,8.9,NA,2631.9,NA,40.43827297,74.4,74.2,74.4,74.9,74.8,74.6,74.7,74.8,74.8,74.8,0.735
"204","West Bank and Gaza",2.878985513,NA,NA,NA,NA,NA,NA,NA,NA,9.6,9.8,9.9,7.5,7.7,7.9,NA,2019.71,95.26724225,56.81903268,74.3,74.1,73.8,74.3,74.2,74.2,74.4,74.5,74.6,74.7,0.641
"205","Vietnam",1.044023909,33,117,24.3,0.4,0.4,0.4,0.5,0.5,7.9,8,8.1,6.6,6.8,6.9,3.93,2816.25,93.35947,35.4500831,73.8,74.1,74.3,74.5,74.7,74.9,75,75.2,75.4,75.6,0.593
"206","Virgin Islands (U.S.)",-0.07656689,NA,NA,NA,NA,NA,NA,NA,NA,NA,NA,NA,NA,NA,NA,NA,NA,NA,NA,78.86,79.05,79.25,79.46,79.69,79.92,80.15,80.38,80.6,80.82,NA
"207","Yemen",3.059929114,14,176,NA,NA,NA,0.2,0.2,0.2,3.4,3.5,3.6,0.7,0.7,0.7,NA,2067.57,65.26195,14.905,65.2,65.7,66.2,66.6,66.6,66.7,67.1,67.1,66,64.92,0.462
"208","Zambia",4.156064613,35,105,13.4,13.7,13.6,12.9,12.7,12.5,7.3,7.4,7.5,4.9,5,5.2,74.32,1873.04,NA,11.5,49,51.1,52.3,53.1,53.7,54.7,55.6,56.3,56.7,57.1,0.43
"209","Zimbabwe",1.444589707,22,160,15,16.1,15.1,15.7,15.2,14.9,8,8.2,8.3,6.4,6.6,6.7,NA,2237.75,83.58271445,15.7,46.4,47.3,48,49.1,51.6,54.2,55.7,57,59.3,61.69,0.376
"210","South Sudan",3.610214731,13,178,NA,NA,NA,NA,NA,3.1,NA,NA,NA,NA,NA,NA,NA,NA,NA,NA,55.5,55.6,55.8,56,55.9,56,56,56.1,56.1,56.1,NA
"211","Curacao",1.26814483,NA,NA,NA,NA,NA,NA,NA,NA,NA,NA,NA,NA,NA,NA,NA,NA,NA,NA,NA,NA,NA,NA,NA,NA,NA,NA,NA,NA,NA
"212","Sint Maarten",-3.333686807,NA,NA,NA,NA,NA,NA,NA,NA,NA,NA,NA,NA,NA,NA,NA,NA,NA,NA,NA,NA,NA,NA,NA,NA,NA,NA,NA,NA,NA
"213","Saint Martin",1.24898912,NA,NA,NA,NA,NA,NA,NA,NA,NA,NA,NA,NA,NA,NA,NA,NA,NA,NA,NA,NA,NA,NA,NA,NA,NA,NA,NA,NA,NA
"214","Taiwan",NA,63,31,NA,NA,NA,NA,NA,NA,11.5,11.6,11.8,10.5,10.7,10.9,NA,NA,NA,NA,78.2,78.4,78.7,79,78.8,79,79.3,79.4,79.5,79.6,NA
"215","Cabo Verde",NA,57,45,NA,NA,NA,NA,NA,NA,NA,NA,NA,NA,NA,NA,NA,NA,NA,NA,NA,NA,NA,NA,NA,NA,NA,NA,NA,NA,NA
"216","Tunisia",NA,43,73,26.6,0.06,0.06,0.06,0.06,0.06,7.8,8,8.1,4.1,4.3,4.5,0.74,3326.45,NA,38.80788742,76.6,76.8,77,77.1,77.2,77.4,77.5,77.6,77.6,77.6,0.698
"217","Cook Islands",NA,NA,NA,28.1,NA,NA,NA,NA,NA,NA,NA,NA,NA,NA,NA,NA,NA,NA,NA,NA,NA,NA,NA,NA,NA,NA,NA,NA,NA,NA
"218","Nauru",NA,NA,NA,49.2,NA,NA,NA,NA,NA,NA,NA,NA,NA,NA,NA,NA,NA,NA,NA,NA,NA,NA,NA,NA,NA,NA,NA,NA,NA,NA
"219","Netherlands Antilles",NA,NA,NA,NA,NA,NA,NA,NA,NA,NA,NA,NA,NA,NA,NA,NA,3004.49,96.54464,NA,75.98,76.18,76.36,76.52,76.65,76.77,76.89,77.01,77.14,77.27,NA
"220","French Guiana",NA,NA,NA,NA,NA,NA,NA,NA,NA,NA,NA,NA,NA,NA,NA,NA,NA,NA,NA,75.82,76.01,76.21,76.43,76.65,76.89,77.12,77.35,77.58,77.81,NA
"221","Guadeloupe",NA,NA,NA,NA,NA,NA,NA,NA,NA,NA,NA,NA,NA,NA,NA,NA,NA,NA,NA,79.25,79.55,79.85,80.14,80.43,80.69,80.95,81.18,81.41,81.64,NA
"222","Martinique",NA,NA,NA,NA,NA,NA,NA,NA,NA,NA,NA,NA,NA,NA,NA,NA,NA,NA,NA,80.01,80.24,80.48,80.71,80.95,81.18,81.41,81.64,81.86,82.08,NA
"223","Mayotte",NA,NA,NA,NA,NA,NA,NA,NA,NA,NA,NA,NA,NA,NA,NA,NA,NA,NA,NA,77.8,78.05,78.29,78.52,78.74,78.96,79.19,79.42,79.65,79.88,NA
"224","Reunion",NA,NA,NA,NA,NA,NA,NA,NA,NA,NA,NA,NA,NA,NA,NA,NA,NA,NA,NA,78.08,78.35,78.62,78.88,79.14,79.4,79.65,79.89,80.12,80.35,NA
"225","Western Sahara",NA,NA,NA,NA,NA,NA,NA,NA,NA,NA,NA,NA,NA,NA,NA,NA,NA,NA,NA,65.79,66.16,66.51,66.84,67.17,67.47,67.76,68.04,68.3,68.56,NA
